phase,step,loss,learning_rate,tokens_seen,elapsed_seconds,expert_utilization,active_experts,top_k,router_entropy
moe,300,0.3464508652687073,0.00015000000000000001,77056,0.0422,"[0.5, 0.5, 0.0, 0.0]","[0, 1]",2,1.3862943649291992
moe,310,0.10485182702541351,0.0016500000000000002,79616,1.1409,"[0.07552083333333333, 0.388671875, 0.24674479166666666, 0.2890625]","[0, 1, 2, 3]",2,1.379453460375468
moe,320,0.07878739386796951,0.003,82176,1.9861,"[0.08984375, 0.4264322916666667, 0.21223958333333334, 0.271484375]","[0, 1, 2, 3]",2,1.3531336386998494
moe,330,0.034732088446617126,0.003,84736,2.6861,"[0.07421875, 0.4016927083333333, 0.16471354166666666, 0.359375]","[0, 1, 2, 3]",2,1.3275404771169026
moe,340,0.09402196854352951,0.003,87296,3.2509,"[0.13671875, 0.4420572916666667, 0.06770833333333333, 0.353515625]","[0, 1, 2, 3]",2,1.2945716381072998
moe,350,0.11853165924549103,0.003,89856,3.7886,"[0.14388020833333334, 0.4563802083333333, 0.061848958333333336, 0.337890625]","[0, 1, 2, 3]",2,1.2821646928787231
moe,360,0.027309861034154892,0.003,92416,4.256,"[0.12369791666666667, 0.4342447916666667, 0.068359375, 0.3736979166666667]","[0, 1, 2, 3]",2,1.2873016198476155
moe,370,0.06793659180402756,0.003,94976,4.7157,"[0.08528645833333333, 0.4036458333333333, 0.09440104166666667, 0.4166666666666667]","[0, 1, 2, 3]",2,1.2657680908838909
moe,380,0.07326005399227142,0.003,97536,5.1544,"[0.15690104166666666, 0.3567708333333333, 0.16341145833333334, 0.3229166666666667]","[0, 1, 2, 3]",2,1.2879739999771118
moe,390,0.03301600366830826,0.003,100096,5.6234,"[0.14583333333333334, 0.3704427083333333, 0.14518229166666666, 0.3385416666666667]","[0, 1, 2, 3]",2,1.2604076862335205
moe,400,0.07879126816987991,0.003,102656,6.0584,"[0.15234375, 0.4296875, 0.150390625, 0.267578125]","[0, 1, 2, 3]",2,1.2286253770192463
moe,410,0.06540726125240326,0.003,105216,6.4933,"[0.181640625, 0.4368489583333333, 0.12890625, 0.2526041666666667]","[0, 1, 2, 3]",2,1.24441130956014
moe,420,0.039827555418014526,0.003,107776,6.9241,"[0.14973958333333334, 0.37890625, 0.15690104166666666, 0.314453125]","[0, 1, 2, 3]",2,1.2588700850804646
moe,430,0.0564330518245697,0.003,110336,7.347,"[0.16015625, 0.435546875, 0.09635416666666667, 0.3079427083333333]","[0, 1, 2, 3]",2,1.2529677947362263
moe,440,0.05234776809811592,0.003,112896,7.7835,"[0.0703125, 0.3444010416666667, 0.18359375, 0.4016927083333333]","[0, 1, 2, 3]",2,1.1895496845245361
moe,450,0.1308567225933075,0.003,115456,8.2111,"[0.0546875, 0.2805989583333333, 0.212890625, 0.4518229166666667]","[0, 1, 2, 3]",2,1.0357279777526855
moe,460,0.07042726874351501,0.003,118016,8.6507,"[0.07421875, 0.29296875, 0.21614583333333334, 0.4166666666666667]","[0, 1, 2, 3]",2,1.0018556515375774
moe,470,0.04916580393910408,0.003,120576,9.0979,"[0.06315104166666667, 0.2649739583333333, 0.22721354166666666, 0.4446614583333333]","[0, 1, 2, 3]",2,0.9635871450106303
moe,480,0.029850121587514877,0.003,123136,9.5999,"[0.107421875, 0.408203125, 0.15364583333333334, 0.3307291666666667]","[0, 1, 2, 3]",2,0.8881943821907043
moe,490,0.1619309037923813,0.003,125696,10.0384,"[0.09635416666666667, 0.427734375, 0.162109375, 0.3138020833333333]","[0, 1, 2, 3]",2,0.8698389331499735
moe,500,0.04977807775139809,0.003,128256,10.4847,"[0.107421875, 0.4231770833333333, 0.16276041666666666, 0.306640625]","[0, 1, 2, 3]",2,0.839198648929596
moe,510,0.09320542216300964,0.003,130816,10.901,"[0.255859375, 0.369140625, 0.07682291666666667, 0.2981770833333333]","[0, 1, 2, 3]",2,0.9071353077888489
moe,520,0.053312528878450394,0.003,133376,11.2948,"[0.20572916666666666, 0.330078125, 0.15559895833333334, 0.30859375]","[0, 1, 2, 3]",2,0.8409741322199503
moe,530,0.05589912086725235,0.003,135936,11.699,"[0.19661458333333334, 0.3313802083333333, 0.16015625, 0.3118489583333333]","[0, 1, 2, 3]",2,0.863707423210144
moe,540,0.09004858881235123,0.003,138496,12.1029,"[0.19270833333333334, 0.3385416666666667, 0.15755208333333334, 0.3111979166666667]","[0, 1, 2, 3]",2,0.8120763103167216
moe,550,0.074054054915905,0.003,141056,12.5184,"[0.21484375, 0.3359375, 0.146484375, 0.302734375]","[0, 1, 2, 3]",2,0.8347753485043844
moe,560,0.05873174965381622,0.003,143616,12.9447,"[0.22005208333333334, 0.333984375, 0.13671875, 0.3092447916666667]","[0, 1, 2, 3]",2,0.8276828130086263
moe,570,0.03635314106941223,0.003,146176,13.3709,"[0.20247395833333334, 0.3365885416666667, 0.154296875, 0.306640625]","[0, 1, 2, 3]",2,0.8365049560864767
moe,580,0.0345037467777729,0.003,148736,13.8,"[0.20247395833333334, 0.3333333333333333, 0.15755208333333334, 0.306640625]","[0, 1, 2, 3]",2,0.8236499428749084
moe,590,0.04922270029783249,0.003,151296,14.2321,"[0.20182291666666666, 0.3385416666666667, 0.15364583333333334, 0.3059895833333333]","[0, 1, 2, 3]",2,0.8424555460611979
moe,599,0.07080790400505066,0.003,153600,14.6656,"[0.20442708333333334, 0.3522135416666667, 0.134765625, 0.30859375]","[0, 1, 2, 3]",2,0.8238534132639567
