step,top_k,router_entropy,expert_utilization
300,2,1.3862943649291992,"[0.5, 0.5, 0.0, 0.0]"
310,2,1.379453460375468,"[0.07552083333333333, 0.388671875, 0.24674479166666666, 0.2890625]"
320,2,1.3531336386998494,"[0.08984375, 0.4264322916666667, 0.21223958333333334, 0.271484375]"
330,2,1.3275404771169026,"[0.07421875, 0.4016927083333333, 0.16471354166666666, 0.359375]"
340,2,1.2945716381072998,"[0.13671875, 0.4420572916666667, 0.06770833333333333, 0.353515625]"
350,2,1.2821646928787231,"[0.14388020833333334, 0.4563802083333333, 0.061848958333333336, 0.337890625]"
360,2,1.2873016198476157,"[0.12369791666666667, 0.4342447916666667, 0.068359375, 0.3736979166666667]"
370,2,1.2657680908838909,"[0.08528645833333333, 0.4036458333333333, 0.09440104166666667, 0.4166666666666667]"
380,2,1.2879739999771118,"[0.15690104166666666, 0.3567708333333333, 0.16341145833333334, 0.3229166666666667]"
390,2,1.2604076862335205,"[0.14583333333333334, 0.3704427083333333, 0.14518229166666666, 0.3385416666666667]"
400,2,1.2286253770192463,"[0.15234375, 0.4296875, 0.150390625, 0.267578125]"
410,2,1.24441130956014,"[0.181640625, 0.4368489583333333, 0.12890625, 0.2526041666666667]"
420,2,1.2588700850804646,"[0.14973958333333334, 0.37890625, 0.15690104166666666, 0.314453125]"
430,2,1.2529677947362263,"[0.16015625, 0.435546875, 0.09635416666666667, 0.3079427083333333]"
440,2,1.189549684524536,"[0.0703125, 0.3444010416666667, 0.18359375, 0.4016927083333333]"
450,2,1.0357279777526855,"[0.0546875, 0.2805989583333333, 0.212890625, 0.4518229166666667]"
460,2,1.0018556515375774,"[0.07421875, 0.29296875, 0.21614583333333334, 0.4166666666666667]"
470,2,0.9635871450106304,"[0.06315104166666667, 0.2649739583333333, 0.22721354166666666, 0.4446614583333333]"
480,2,0.8881943821907043,"[0.107421875, 0.408203125, 0.15364583333333334, 0.3307291666666667]"
490,2,0.8698389331499735,"[0.09635416666666667, 0.427734375, 0.162109375, 0.3138020833333333]"
500,2,0.839198648929596,"[0.107421875, 0.4231770833333333, 0.16276041666666666, 0.306640625]"
510,2,0.9071353077888488,"[0.255859375, 0.369140625, 0.07682291666666667, 0.2981770833333333]"
520,2,0.8409741322199503,"[0.20572916666666666, 0.330078125, 0.15559895833333334, 0.30859375]"
530,2,0.863707423210144,"[0.19661458333333334, 0.3313802083333333, 0.16015625, 0.3118489583333333]"
540,2,0.8120763103167216,"[0.19270833333333334, 0.3385416666666667, 0.15755208333333334, 0.3111979166666667]"
550,2,0.8347753485043844,"[0.21484375, 0.3359375, 0.146484375, 0.302734375]"
560,2,0.8276828130086263,"[0.22005208333333334, 0.333984375, 0.13671875, 0.3092447916666667]"
570,2,0.8365049560864767,"[0.20247395833333334, 0.3365885416666667, 0.154296875, 0.306640625]"
580,2,0.8236499428749084,"[0.20247395833333334, 0.3333333333333333, 0.15755208333333334, 0.306640625]"
590,2,0.8424555460611979,"[0.20182291666666666, 0.3385416666666667, 0.15364583333333334, 0.3059895833333333]"
599,2,0.8238534132639567,"[0.20442708333333334, 0.3522135416666667, 0.134765625, 0.30859375]"
